date,source,title,url
2018-09-03,abc-news,Billionaire Seahawks owner contributes big to GOP,https://abcnews.go.com/Politics/wireStory/billionaire-seahawks-owner-paul-allen-contributes-big-gop-57579452
2018-09-03,techcrunch,Avrios has quietly raised $14M for an AI-fueled fleet management platform,http://techcrunch.com/2018/09/03/avrios-has-quietly-raised-14m-for-an-ai-fueled-fleet-management-platform/
2018-09-03,techcrunch,"Peep the future of distributed ledgers with the leaders of Hyperledger, Parity Technologies and Tradeshift",http://techcrunch.com/2018/09/03/peep-the-future-of-distributed-ledgers-with-the-leaders-of-hyperledger-parity-technologies-and-tradeshift/
2018-09-03,techradar,"The TVs of IFA 2018: The best screens unveiled by Samsung, LG, Philips and Toshiba",https://www.techradar.com/news/the-tvs-of-ifa-2018-the-best-screens-unveiled-by-samsung-lg-philips-and-toshiba
2018-09-03,techradar,UK''s 'first' large-scale 5G hub to test digital health apps in 2019,https://www.techradar.com/news/uks-first-large-scale-5g-hub-to-test-digital-health-apps-in-2019
2018-09-03,techradar,The best 8K TVs spotted at IFA 2018,https://www.techradar.com/news/the-best-8k-tvs-spotted-at-ifa-2018
2018-09-03,the-new-york-times,Silicon Valley Doesn’t Like Trump. It Can Still Work With the Government.,https://www.nytimes.com/2018/09/03/business/silicon-valley-trump-government.html
2018-09-03,the-new-york-times,Companies Say Trump Is Hurting Business by Limiting Legal Immigration,https://www.nytimes.com/2018/09/02/business/trump-legal-immigration-h1b-visas.html
2018-09-03,the-next-web,"Want to save $163,000 on a comp sci education? Here’s one way...",https://thenextweb.com/offers/2018/09/03/want-to-save-163000-on-a-comp-sci-education-heres-one-way/
2018-09-03,the-verge,Google releases free AI tool to help companies identify child sexual abuse material,https://www.theverge.com/2018/9/3/17814188/google-ai-child-sex-abuse-material-moderation-tool-internet-watch-foundation
2018-09-03,wired,IPUs? These New Chips Are Minted For Marketing,https://www.wired.com/story/ipus-these-new-chips-minted-for-marketing/
2018-09-04,abc-news,"Humans still heft groceries on-demand, for now",https://abcnews.go.com/Technology/wireStory/humans-heft-groceries-demand-now-57590453
2018-09-04,abc-news,Robot boat sails into history by finishing Atlantic crossing,https://abcnews.go.com/Technology/wireStory/robot-boat-sails-history-finishing-atlantic-crossing-57585858
2018-09-04,ars-technica,This lidar/camera hybrid could be a powerful addition to driverless cars,https://arstechnica.com/cars/2018/09/this-lidarcamera-hybrid-could-be-a-powerful-addition-to-driverless-cars/
2018-09-04,ars-technica,"Google celebrates a decade of Google Chrome, launches major redesign",https://arstechnica.com/gadgets/2018/09/google-celebrates-a-decade-of-google-chrome-launches-major-redesign/
2018-09-04,google-news,"Software Engineering, Artificial Intelligence, Networking and Parallel/Distributed Computing",http://feedproxy.google.com/~r/avaxhome/bojL/~3/pHp4JORcyDU/3319983660.html
2018-09-04,google-news,Guide to Vulnerability Analysis for Computer Networks and Systems: An Artificial Intelligence Approach,http://feedproxy.google.com/~r/avaxhome/bojL/~3/WaPH--2u9Jg/3319926233.html
2018-09-04,new-scientist,Watch now: Exploring the Future webinar,http://www.newscientist.com/article/2175641-watch-now-exploring-the-future-webinar/
2018-09-04,new-scientist,The real danger of deepfake videos is that we may question everything,https://www.newscientist.com/article/mg23931933-200-the-real-danger-of-deepfake-videos-is-that-we-may-question-everything/?utm_campaign=RSS%7CNSNS&utm_source=NSNS&utm_medium=RSS&campaign_id=RSS%7CNSNS-
2018-09-04,new-scientist,The real danger of deepfake videos is that we may question everything,https://www.newscientist.com/article/mg23931933-200-the-real-danger-of-deepfake-videos-is-that-we-may-question-everything/?utm_campaign=RSS%7CNSNS&utm_source=NSNS&utm_medium=RSS&utm_content=technology&campaign_id=RSS%7CNSNS-technology
2018-09-04,new-scientist,The real danger of deepfake videos is that we may question everything,https://www.newscientist.com/article/mg23931933-200-the-real-danger-of-deepfake-videos-is-that-we-may-question-everything/?utm_campaign=RSS%7CNSNS&utm_source=NSNS&utm_medium=RSS&campaign_id=RSS%7CNSNS-?cmpid=RSS|NSNS|2012-GLOBAL|magcontents
2018-09-04,techcrunch,What incubators and tech ecosystems can offer health startups,http://techcrunch.com/2018/09/04/what-incubators-and-tech-ecosystems-can-offer-health-startups/
2018-09-04,techradar,"Huawei Watch 3 is in the works, but the company wants to improve AI first",https://www.techradar.com/news/huawei-watch-3-is-in-the-works-but-the-company-wants-to-improve-ai-first
2018-09-04,the-new-york-times,Understanding the times: Satellite Images and Shadow Analysis: How The Times Verifies Eyewitness Videos,https://www.nytimes.com/2018/09/04/reader-center/social-media-video-how-to-verify.html
2018-09-04,the-new-york-times,Line Corp Says to Raise $1.33 Billion Through Convertible Euro Bonds,https://www.nytimes.com/reuters/2018/09/04/technology/04reuters-line-fundraising.html
2018-09-04,the-next-web,"Blockchain doesn’t kill people, but smart contracts can, law professor says",https://thenextweb.com/hardfork/2018/09/04/smart-contracts-super-dumb-blockchain/
2018-09-04,the-next-web,Google just turned 20 — time for it to grow up,https://thenextweb.com/?p=1148546
2018-09-04,the-verge,"Google’s new Chrome design launches with rounded tabs, new mobile layout, and updated password manager",https://www.theverge.com/2018/9/4/17814516/google-chrome-new-design-features
2018-09-04,time,"20 Years Of Google Has Changed the Way We Think. Here’s How, According to a Historian of Information",http://time.com/5383389/google-history-search-information/
2018-09-04,wired,I Invented Autocorrect. Sorry About That; You're Welcome,https://www.wired.com/story/opinion-i-invented-autocorrect/
2018-09-04,wired,How Chrome Spent a Decade Making the Web More Secure,https://www.wired.com/story/chrome-decade-making-the-web-more-secure/
2018-09-04,wired,How Self-Driving Supergroup Aurora Is Making Self-Driving Cars,https://www.wired.com/story/aurora-self-driving-cars-plan/
2018-09-04,wired,Silicon Valley Wants to Use Algorithms for Debt Collection,https://www.wired.com/story/silicon-valley-algorithms-for-debt-collection/
2018-09-05,google-news,Artificial Intelligence and Problem Solving,http://feedproxy.google.com/~r/avaxhome/bojL/~3/ODMf5zeEsfI/194453458X.html
2018-09-05,google-news,Azure Machine Learning Development: 1 Basic Concepts,http://feedproxy.google.com/~r/avaxhome/bojL/~3/EgTFWiw7PUs/Azure-Machine-Learning-Development-1-Basic-Concepts.html
2018-09-05,google-news,Machine Learning and Tensorflow - The Google Cloud Approach,http://feedproxy.google.com/~r/avaxhome/bojL/~3/ZHPANyk6cBg/naag30473.html
2018-09-05,google-news,A&E - In Search Of: Artificial Intelligence (2018),http://feedproxy.google.com/~r/Avaxhome/video/~3/4IzvIUEyJHo/In.Search.Of.Artificial.Intelligence.720p2018.html
2018-09-05,google-news,Azure Machine Learning Development: 1 Basic Concepts,http://feedproxy.google.com/~r/avaxhome/wkEo/~3/EgTFWiw7PUs/Azure-Machine-Learning-Development-1-Basic-Concepts.html
2018-09-05,google-news,A&E - In Search Of: Artificial Intelligence (2018),http://feedproxy.google.com/~r/avaxhome/wkEo/~3/4IzvIUEyJHo/In.Search.Of.Artificial.Intelligence.720p2018.html
2018-09-05,google-news,Kira Systems closes $66 mln Series A with Insight Venture Partners,http://feedproxy.google.com/~r/pehub/blog/vcdeals/~3/itsdmql6C9E/
2018-09-05,hacker-news,Indigo Fair (Sequoia/Khosla startup) is looking to hire a Data Scientist,https://news.ycombinator.com/item?id=17914186
2018-09-05,techcrunch,Lockheed Martin teams up with drone racers to add AI,http://techcrunch.com/2018/09/05/lockheed-martin-teams-up-with-drone-racers-to-add-ai/
2018-09-05,techcrunch,"Clinc expands to automotive, releases SaaS platform for its voice AI assistant",http://techcrunch.com/2018/09/05/clinc-expands-to-automotive-releases-saas-platform-for-its-voice-ai-assistant/
2018-09-05,techcrunch,Meditation app Headspace bets on voice and AI with Alpine.AI acquisition,http://techcrunch.com/2018/09/04/meditation-app-headspace-bets-on-voice-and-a-i-with-alpine-ai-acquisition/
2018-09-05,techcrunch,Announcing Startup Battlefield at Disrupt SF 2018,http://techcrunch.com/2018/09/05/announcing-startup-battlefield-at-disrupt-sf-2018/
2018-09-05,techcrunch,Google’s Launchpad Studio accelerator welcomes a cohort of blockchain and finance startups,http://techcrunch.com/2018/09/05/googles-launchpad-studio-accelerator-welcomes-a-cohort-of-blockchain-and-finance-startups/
2018-09-05,techcrunch,"Juul says it will use technology to help you quit e-cigarettes, too",http://techcrunch.com/2018/09/05/juul-says-it-will-use-technology-to-help-you-quit-e-cigarettes-too/
2018-09-05,techcrunch,"D-ID launches its initial product with customers in printing, automotive and financial services",http://techcrunch.com/2018/09/05/d-id-launches-its-initial-product-with-customers-in-printing-automotive-and-financial-services/
2018-09-05,techcrunch,McCarthyFinch AI services platform automates tedious legal tasks,http://techcrunch.com/2018/09/05/mccarthyfinch-ai-services-platform-automates-tedious-legal-tasks/
2018-09-05,techcrunch,Twitter is considering badging bots — “as far as we can detect them”,http://techcrunch.com/2018/09/05/twitter-is-considering-badging-bots-as-far-as-we-can-detect-them/
2018-09-05,techcrunch,"China is beating the US on AI, says noted investor Kaifu Lee",http://techcrunch.com/2018/09/05/china-is-beating-the-us-on-ai-says-noted-investor-kaifu-lee/
2018-09-05,techcrunch,Lockheed Martin teams up with drone racers to add AI,http://techcrunch.com/2018/09/05/lockheed-martin-teams-up-with-drone-racers-to-add-ai/
2018-09-05,techcrunch,Highlights from the Senate Intelligence hearing with Facebook and Twitter,http://techcrunch.com/2018/09/05/highlights-from-the-senate-intelligence-hearing-with-facebook-and-twitter/
2018-09-05,techcrunch,Are you TC Top Pick material? Apply to exhibit free at Disrupt Berlin,http://techcrunch.com/2018/09/04/are-you-tc-top-pick-material-apply-to-exhibit-free-at-disrupt-berlin/
2018-09-05,techradar,OPPO’s Find X sets the industry trend with first of its pop-up camera technology,https://www.techradar.com/news/oppos-find-x-sets-the-industry-trend-with-first-of-its-pop-up-camera-technology
2018-09-05,techradar,"Xiaomi Redmi 6A, Redmi 6 and Redmi 6 Pro launched in India",https://www.techradar.com/news/xiaomi-redmi-6a-redmi-6-and-redmi-6-pro-launched-in-india
2018-09-05,the-new-york-times,The Politicians Are Coming for Silicon Valley,https://www.nytimes.com/2018/09/04/opinion/twitter-facebook-senate-hearing.html
2018-09-05,the-new-york-times,Live Briefing: Facebook and Twitter Executives Head to Capitol Hill,https://www.nytimes.com/2018/09/05/technology/facebook-twitter-congress.html
2018-09-05,the-verge,AI drone pilots will challenge humans in competition sponsored by Lockheed Martin,https://www.theverge.com/2018/9/5/17822384/ai-autonomous-drone-quadcopter-pilot-drl-drone-racing-league-2019
2018-09-05,the-verge,Google turns 20: how an internet search engine reshaped the world,https://www.theverge.com/2018/9/5/17823490/google-20th-birthday-anniversary-history-milestones
2018-09-05,the-wall-street-journal,Don't Believe the Algorithm,https://www.wsj.com/articles/dont-believe-the-algorithm-1536157620
2018-09-05,wired,"This Hearing Aid Can Translate For You—and Track Steps, Too",https://www.wired.com/story/this-hearing-aid-can-translate-for-you/
2018-09-06,techcrunch,PagerDuty raises $90M to wake up more engineers in the middle of the night,http://techcrunch.com/2018/09/06/pagerduty-raises-90m-to-wake-up-more-engineers-in-the-middle-of-the-night/
2018-09-06,techcrunch,Microsoft commits to fixing custom apps broken by Windows 10 upgrades,http://techcrunch.com/2018/09/06/microsoft-commits-to-fixing-custom-apps-broken-by-latest-windows-updates/
2018-09-06,techcrunch,Forethought looks to reshape enterprise search with AI,http://techcrunch.com/2018/09/05/forethought-looks-to-reshape-enterprise-search-with-ai/
2018-09-06,techcrunch,Secretive semiconductor startup Groq raises $52M from Social Capital,http://techcrunch.com/2018/09/05/secretive-semiconductor-startup-groq-raises-52m-from-social-capital/
2018-09-06,techcrunch,Salesforce updates Sales Cloud ahead of Dreamforce with increased automation,http://techcrunch.com/2018/09/06/salesforce-updates-sales-cloud-ahead-of-dreamforce-with-increased-automation/
2018-09-06,techradar,Best cloud storage 2018: Top options to keep your photos safe,https://www.techradar.com/how-to/photography-video-capture/cameras/best-cloud-storage-for-photos-6-top-options-tested-and-rated-1320891
2018-09-06,the-economist,How social-media platforms dispense justice,https://www.economist.com/business/2018/09/08/how-social-media-platforms-dispense-justice
2018-09-06,the-economist,“Effective altruists” aim to change the world from a Blackpool hotel,https://www.economist.com/britain/2018/09/08/effective-altruists-aim-to-change-the-world-from-a-blackpool-hotel
2018-09-06,the-next-web,This neural network lets you build and evolve little AI creatures,https://thenextweb.com/?p=1149365
2018-09-06,the-next-web,India contemplates introducing a national digital currency to avoid printing money,https://thenextweb.com/hardfork/2018/09/06/indias-central-bank-mulling-own-digital-currency/
2018-09-06,the-verge,Skydio’s self-flying AI drone is now open to app developers,https://www.theverge.com/2018/9/6/17824834/skydio-r1-ai-self-flying-drone-skills-sdk-developers-retail-mass-production-model
2018-09-06,the-wall-street-journal,Quiz: Can You Tell the Difference Between Gmail Smart Reply and a Human?,https://www.wsj.com/articles/quiz-can-you-tell-the-difference-between-gmail-smart-reply-and-a-human-1536255000
2018-09-07,abc-news,Twitter's Alex Jones ban: Blip in sea of abuse?,https://abcnews.go.com/Technology/wireStory/twitters-alex-jones-ban-blip-sea-abuse-57677730
2018-09-07,abc-news,Tesla in turmoil: Stock drops after executive exits and Elon Musk's marijuana hit,https://abcnews.go.com/Business/tesla-turmoil-stock-drops-executive-exits-elon-musks/story?id=57670256
2018-09-07,techcrunch,DARPA announces $2B investment in AI,http://techcrunch.com/2018/09/07/darpa-announces-2b-investment-in-ai/
2018-09-07,techcrunch,Kinta AI uses artificial intelligence to make factories more efficient,http://techcrunch.com/2018/09/06/kinta-ai-startup-battlefield/
2018-09-07,techcrunch,Crossing Minds would like to recommend a few entertainment options,http://techcrunch.com/2018/09/06/crossing-minds-would-like-to-recommend-a-few-entertainment-options/
2018-09-07,techcrunch,The reality of quantum computing could be just three years away,http://techcrunch.com/2018/09/07/the-reality-of-quantum-computing-could-be-just-three-years-away/
2018-09-07,techcrunch,Rigetti announces its hybrid quantum computing platform — and a $1M prize,http://techcrunch.com/2018/09/07/rigetti-announces-its-hybrid-quantum-computing-platform-and-a-1m-prize/
2018-09-07,techcrunch,Latin America is the next stage in the race for dominance in the ride-hailing market,http://techcrunch.com/2018/09/07/latin-america-is-the-next-stage-in-the-race-for-dominance-in-the-ride-hailing-market/
2018-09-07,the-huffington-post,Elon Musk Smoked A Blunt On Joe Rogan’s Podcast,https://www.huffingtonpost.com/entry/elon-musk-smoking-blunt-joe-rogan_us_5b927b4ae4b0cf7b003f0fdb
2018-09-07,the-new-york-times,"NETFLIX Roulette, Where Movies Never End; Algorithm Traps...",https://www.nytimes.com/2018/09/07/movies/netflix-roulette-tau-el-aviso-candy-jar.html
2018-09-07,the-wall-street-journal,Tesla Accounting Chief Leaves After Month on the Job - Wall Street Journal,https://www.wsj.com/articles/tesla-accounting-chief-leaves-after-month-on-the-job-1536326889
2018-09-07,the-wall-street-journal,Elon Musk Appears to Smoke Cannabis in Lengthy Interview,https://www.wsj.com/articles/elon-musk-appears-to-smoke-marijuana-on-camera-in-lengthy-interview-1536318688
2018-09-07,the-wall-street-journal,Elon Musk Appears to Smoke Marijuana,http://www.wsj.com/video/elon-musk-appears-to-smoke-marijuana/142F3B6D-6A09-4E9A-80C2-F458D2E505BE.html
2018-09-07,time,Elon Musk Smokes Marijuana in His First Appearance Since Tweet About Taking Tesla Public,http://time.com/5389781/elon-musk-smokes-marijuana-podcast/
2018-09-07,wired,Elon Musk’s Weed-Toking Goodwill Tour Isn't Enough to Save Tesla,https://www.wired.com/story/elon-musk-weed-toke-tesla/
2018-09-07,wired,"AI Can Recognize Images, But Text Has Been Tricky—Until Now",https://www.wired.com/story/ai-can-recognize-images-but-understand-headline/
2018-09-07,wired,Fake Beto O'Rourke Texts Expose New Playground for Trolls,https://www.wired.com/story/fake-beto-orourke-texts-expose-new-playground-for-trolls/
2018-09-08,techradar,Charting the rise and rise of Ethereum,https://www.techradar.com/news/charting-the-rise-and-rise-of-ethereum
2018-09-08,the-next-web,Putting more plastic in the ocean might actually be a good thing,https://thenextweb.com/contributors/2018/09/08/more-plastic-in-ocean-could-be-positive/
2018-09-08,the-verge,The Pentagon plans to spend $2 billion to put more artificial intelligence into its weaponry,https://www.theverge.com/2018/9/8/17833160/pentagon-darpa-artificial-intelligence-ai-investment
2018-09-09,ars-technica,"What to expect from Apple’s September 12, 2018 “Gather Round” event",https://arstechnica.com/gadgets/2018/09/what-to-expect-from-apples-september-12-2018-gather-round-event/
2018-09-09,hacker-news,Show HN: Full Video Walkthrough of Hacking the Game Pwn Adventure 3,https://news.ycombinator.com/item?id=17946686
2018-09-09,the-verge,"This beautiful map shows everything that powers an Amazon Echo, from data mines to lakes of lithium",https://www.theverge.com/2018/9/9/17832124/ai-artificial-intelligence-supply-chain-anatomy-of-ai-kate-crawford-interview
2018-09-09,the-wall-street-journal,The Wall Street Journal: Alibaba’s Jack Ma likely to unveil succession plan Monday,https://www.wsj.com/articles/alibabas-jack-ma-expected-to-reveal-succession-plan-1536524117
2018-09-09,wired,"This Week in the Future of Cars: What Happened at Tesla, Uber, and Chevy this week",https://www.wired.com/story/future-of-cars-lets-be-blunt/
2018-09-10,abc-news,Scientists say they've developed blood test that can detect internal body clock,https://abcnews.go.com/Health/scientists-developed-blood-test-detect-internal-body-clock/story?id=57731003
2018-09-10,hacker-news,Show HN: Analyzing graffiti with machine learning to explore a street art,https://news.ycombinator.com/item?id=17949255
2018-09-10,new-scientist,We’re not unique – lots of species can recognise themselves,https://www.newscientist.com/article/mg23931942-800-were-not-unique-lots-of-species-can-recognise-themselves/?utm_campaign=RSS%7CNSNS&utm_source=NSNS&utm_medium=RSS&campaign_id=RSS%7CNSNS-
2018-09-10,new-scientist,We’re not unique – lots of species can recognise themselves,https://www.newscientist.com/article/mg23931942-800-were-not-unique-lots-of-species-can-recognise-themselves/?utm_campaign=RSS%7CNSNS&utm_source=NSNS&utm_medium=RSS&campaign_id=RSS%7CNSNS-?cmpid=RSS|NSNS|2012-GLOBAL|magcontents
2018-09-10,techcrunch,Atrium raises $65M from A16z to replace lawyers with machine learning,http://techcrunch.com/2018/09/10/atrium-legal/
2018-09-10,techcrunch,Adobe looks to AI to lift customer experience business,http://techcrunch.com/2018/09/10/adobe-looks-to-ai-to-lift-customer-experience-business/
2018-09-10,techcrunch,SETI neural networks spot dozens of new mysterious signals emanating from distant galaxy,http://techcrunch.com/2018/09/10/seti-neural-networks-spot-dozens-of-new-mysterious-signals-emanating-from-distant-galaxy/
2018-09-10,techcrunch,Zendesk expands into CRM with Base acquisition,http://techcrunch.com/2018/09/10/zendesk-expands-into-crm-with-base-acquisition/
2018-09-10,techcrunch,Zendesk expands into CRM with Base acquisition,http://techcrunch.com/2018/09/10/zendesk-expands-into-crm-with-base-acquisition/
2018-09-10,techradar,Understanding the power of Blockchain infused with AI,https://www.techradar.com/news/understanding-the-power-of-blockchain-infused-with-ai
2018-09-10,techradar,Dispelling workplace productivity myths with UC,https://www.techradar.com/news/dispelling-workplace-productivity-myths-with-uc
2018-09-10,techradar,What will the office of tomorrow look like?,https://www.techradar.com/news/what-will-the-office-of-tomorrow-look-like
2018-09-10,the-next-web,This AI mashes up existing games to create new ones,https://thenextweb.com/?p=1150028
2018-09-10,the-next-web,AI guru Fei Fei Li set to leave Google this year,https://thenextweb.com/?p=1150075
2018-09-10,the-wall-street-journal,"Brain Data Could Read Moods, Potentially Treat Depression - Wall Street Journal",https://www.wsj.com/articles/mapping-moods-in-the-human-brain-1536591601
2018-09-10,wired,This One-Armed Robot Is Super Manipulative (in a Good Way),https://www.wired.com/story/this-one-armed-robot-is-super-manipulative-in-a-good-way/
2018-09-11,abc-news,How Instagram's verification rollout will impact social media influencers,https://abcnews.go.com/Business/instagrams-verification-rollout-impact-social-media-influencers/story?id=57660490
2018-09-11,abc-news,China puts off licenses for US companies amid tariff battle,https://abcnews.go.com/International/wireStory/china-puts-off-licenses-us-companies-amid-tariff-57743795
2018-09-11,ars-technica,This startup helps self-driving cars literally feel the road,https://arstechnica.com/cars/2018/09/this-startup-helps-self-driving-cars-literally-feel-the-road/
2018-09-11,axios,The future of US-China tech fiefdoms - Axios,https://www.axios.com/china-and-the-us-parallel-tech-universes-1536282008-fb9d4c46-88c0-4acb-a992-511a1fd9e286.html
2018-09-11,bloomberg,Google's AI Cloud Star Leaves After Pentagon Deal Protests - Bloomberg,https://www.bloomberg.com/tosv2.html?vid=&uuid=4696b060-b572-11e8-8076-47f11414d1f6&url=L25ld3MvYXJ0aWNsZXMvMjAxOC0wOS0xMC9nb29nbGUtcy1haS1jbG91ZC1zdGFyLWxlYXZlcy1hZnRlci1wZW50YWdvbi1kZWFsLXByb3Rlc3Rz
2018-09-11,google-news,"AI Detects 72 Fast Radio Bursts Coming from a Distant, Unknown Source",http://feedproxy.google.com/~r/DiscoverMag/~3/9u1eO1FaBC4/
2018-09-11,google-news,"AI Detects 72 Fast Radio Bursts Coming from a Distant, Unknown Source",http://feedproxy.google.com/~r/AllDiscovermagazinecomContent/~3/9u1eO1FaBC4/
2018-09-11,google-news,Reaching Out: 2nd Annual Government Experience Award Winners Embrace Citizens Where They Are,http://feedproxy.google.com/~r/govtech/top_news/~3/BAgCvF04X9Y/Government-Experience-Award-Winners-2018.html
2018-09-11,techcrunch,Safe artificial intelligence requires cultural intelligence,http://techcrunch.com/2018/09/11/safe-artificial-intelligence-requires-cultural-intelligence/
2018-09-11,techcrunch,Alivecor gets a green light from FDA to screen for dangerously high potassium levels in the blood,http://techcrunch.com/2018/09/11/alivecor-gets-a-green-light-from-fda-to-screen-for-dangerously-high-potassium-levels-in-the-blood/
2018-09-11,techcrunch,Instacart brings on Mark Schaaf as Chief Technology Officer,http://techcrunch.com/2018/09/11/instacart-brings-on-mark-schaaf-as-chief-technology-officer/
2018-09-11,techcrunch,Instacart brings on Mark Schaaf as Chief Technology Officer,http://techcrunch.com/2018/09/11/instacart-brings-on-mark-schaaf-as-chief-technology-officer/
2018-09-11,techcrunch,ZendeskがBaseを買収してCRMに拡大,https://jp.techcrunch.com/2018/09/11/2018-09-10-zendesk-expands-into-crm-with-base-acquisition/
2018-09-11,techcrunch,Ravelin raises £8M Series B to use machine learning to fight e-commerce fraud,http://techcrunch.com/2018/09/11/ravelin-raises-8m-series-b-to-use-machine-learning-to-fight-e-commerce-fraud/
2018-09-11,techradar,Best cloud databases of 2018,https://www.techradar.com/news/best-cloud-database
2018-09-11,techradar,Best cloud logging services of 2018,https://www.techradar.com/news/best-cloud-logging-service
2018-09-11,techradar,The forgotten history of the 800-year-old robot,https://www.techradar.com/news/the-forgotten-history-of-the-800-year-old-robot
2018-09-11,the-verge,Facebook is making AI that can identify offensive memes,https://www.theverge.com/2018/9/11/17846512/facebook-rosetta-meme-machine-learning-text-recognition-hate-speech
2018-09-11,the-wall-street-journal,Robots Producing More of What Eat...,https://www.wsj.com/articles/see-food-why-robots-are-producing-more-of-what-you-eat-1536663744
2018-09-11,wired,"iOS 12 Tips and Tricks, and What to Expect When You Upgrade",https://www.wired.com/story/new-features-coming-in-ios-12/
2018-09-11,wired,Watch Moritz Simon Geist's Sonic Robots Play Thumping Techno Music in His Video for 'Entropy',https://www.wired.com/story/moritz-simon-geist-robot-techno/
2018-09-12,ars-technica,Google kills Google Inbox,https://arstechnica.com/gadgets/2018/09/google-kills-google-inbox/
2018-09-12,bloomberg,Google's AI Cloud Star Leaves After Pentagon Deal Protests,https://www.bloomberg.com/news/articles/2018-09-10/google-s-ai-cloud-star-leaves-after-pentagon-deal-protests
2018-09-12,bloomberg,Tech Firms Face Hefty Fines Under New EU Terror Rules,https://www.bloomberg.com/news/articles/2018-09-12/tech-firms-face-hefty-fines-under-new-eu-terror-rules
2018-09-12,new-scientist,"The Martians have landed in London, and they’re hogging the camera",http://www.newscientist.com/article/2179211-the-martians-have-landed-in-london-and-theyre-hogging-the-camera/
2018-09-12,recode,Recode Daily: New iPhones and more: It’s Apple launch day,https://www.recode.net/2018/9/12/17848438/apple-livestream-iphone-twitter-facebook-ai-moderators-verizon-5g-gawker-blockchain-amazon-christmas
2018-09-12,recode,Is it time for a ‘slow food’ movement for the internet?,https://www.recode.net/2018/9/12/17848368/nicole-wong-cto-google-twitter-slow-food-tech-internet-congress-regulation-kara-swisher-podcast
2018-09-12,recode,Full Q&A: Former Google lawyer and deputy U.S. CTO Nicole Wong on Recode Decode,https://www.recode.net/2018/9/12/17848384/nicole-wong-cto-lawyer-google-twitter-kara-swisher-decode-podcast-full-transcript
2018-09-12,techcrunch,Apple’s new iPhones are powered by the industry’s first 7nm chips,http://techcrunch.com/2018/09/12/apples-new-iphones-are-powered-by-the-industrys-first-7nm-chips/
2018-09-12,techcrunch,"Grammarly now saves you from embarrassing mistakes in Google Docs, too",http://techcrunch.com/2018/09/12/grammarly-now-saves-you-from-embarrassing-mistakes-in-google-docs-too/
2018-09-12,techcrunch,Apple introduces the iPhone XS and iPhone XS Max,http://techcrunch.com/2018/09/12/apple-introduces-the-iphone-xs/
2018-09-12,techcrunch,European parliament gives thumbs up to controversial copyright reforms,http://techcrunch.com/2018/09/12/european-parliament-gives-thumbs-up-to-controversial-copyright-reforms/
2018-09-12,techcrunch,Europe to push for one-hour takedown law for terrorist content,http://techcrunch.com/2018/09/12/europe-to-push-for-one-hour-takedown-law-for-terrorist-content/
2018-09-12,techcrunch,Integrate.ai pulls in $30M to help businesses make better customer-centric decisions,http://techcrunch.com/2018/09/12/integrate-ai-pulls-in-30m-to-help-businesses-make-better-customer-centric-decisions/
2018-09-12,techradar,10 things you need to know about the iPhone XS and iPhone XR launch,https://www.techradar.com/news/10-things-you-need-to-know-about-the-iphone-xs-and-iphone-xr-launch
2018-09-12,the-next-web,MIT taught a neural network how to show its work,https://thenextweb.com/?p=1150691
2018-09-12,the-next-web,Everything Apple announced at today’s iPhone event (live blog),https://thenextweb.com/apple/2018/09/12/apple-iphone-event-2018-announcements/
2018-09-12,the-verge,The four biggest announcements from the Apple September event,https://www.theverge.com/2018/9/12/17842438/apple-iphone-event-news-updates-xs-xr-watch-4-2018
2018-09-12,the-wall-street-journal,EU Backs Fines for Tech Firms Over Terror Propaganda - Wall Street Journal,https://www.wsj.com/articles/eu-backs-fines-for-tech-firms-over-terror-propaganda-1536744963
2018-09-12,the-wall-street-journal,Real Time Economics: U.S. Workers Are Quitting Jobs at the Fastest Rate In 17 Years,https://blogs.wsj.com/economics/2018/09/12/real-time-economics-u-s-workers-are-quitting-jobs-at-the-fastest-rate-in-17-years/
2018-09-12,the-wall-street-journal,The First Flying-Car Review,https://www.wsj.com/articles/the-first-flying-car-review-1536753601
2018-09-12,wired,"Apple iPhone Xs and Xs Max: Specs, Features, Price",https://www.wired.com/story/iphone-xs-and-xs-max/
2018-09-12,wired,Apple's Latest iPhones Are Packed With AI Smarts,https://www.wired.com/story/apples-latest-iphones-packed-with-ai-smarts/
2018-09-12,wired,How Our Biological Clock Could Dictate Medical Treatments,https://www.wired.com/story/how-our-biological-clock-could-dictate-medical-treatments/
2018-09-13,abc-news,"Talking gloves, tactile windows: new tech helps the disabled",https://abcnews.go.com/Technology/wireStory/talking-gloves-tactile-windows-tech-helps-disabled-57792180
2018-09-13,abc-news,Survey: US companies in China hurt by tariff war,https://abcnews.go.com/International/wireStory/survey-us-companies-china-hurt-tariff-war-57786758
2018-09-13,ars-technica,"Hands-on with the iPhone XS, iPhone XS Max, and iPhone XR",https://arstechnica.com/gadgets/2018/09/hands-on-with-the-iphone-xs-iphone-xs-max-and-iphone-xr/
2018-09-13,google-news,What’s New in Civic Tech: Ohio Opioid Technology Challenge Announces Winners,http://feedproxy.google.com/~r/govtech/top_news/~3/Qf_FFlXyDV4/Whats-New-in-Civic-Tech-Ohio-Opioid-Technology-Challenge-Announces-Winners.html
2018-09-13,new-scientist,Artificial intelligence is about to revolutionise warfare. Be afraid,https://www.newscientist.com/article/mg23931950-600-artificial-intelligence-is-about-to-revolutionise-warfare-be-afraid/?utm_campaign=RSS%7CNSNS&utm_source=NSNS&utm_medium=RSS&utm_content=technology&campaign_id=RSS%7CNSNS-technology
2018-09-13,new-scientist,Artificial intelligence is about to revolutionise warfare. Be afraid,https://www.newscientist.com/article/mg23931950-600-artificial-intelligence-is-about-to-revolutionise-warfare-be-afraid/?utm_campaign=RSS%7CNSNS&utm_source=NSNS&utm_medium=RSS&campaign_id=RSS%7CNSNS-?cmpid=RSS|NSNS|2012-GLOBAL|magcontents
2018-09-13,new-scientist,Artificial intelligence is about to revolutionise warfare. Be afraid,https://www.newscientist.com/article/mg23931950-600-artificial-intelligence-is-about-to-revolutionise-warfare-be-afraid/?utm_campaign=RSS%7CNSNS&utm_source=NSNS&utm_medium=RSS&utm_content=features&campaign_id=RSS%7CNSNS-features
2018-09-13,new-scientist,Artificial intelligence is about to revolutionise warfare. Be afraid,https://www.newscientist.com/article/mg23931950-600-artificial-intelligence-is-about-to-revolutionise-warfare-be-afraid/?utm_campaign=RSS%7CNSNS&utm_source=NSNS&utm_medium=RSS&campaign_id=RSS%7CNSNS-
2018-09-13,recode,"Why Roku isn’t afraid of competition from Apple, Google and Amazon",https://www.recode.net/2018/9/13/17852908/roku-anthony-wood-apple-google-amazon-tv-competition-peter-kafka-media-podcast
2018-09-13,techcrunch,Facebook unveils “SapFix” AI auto-debugger and AI chip partners like Intel,http://techcrunch.com/2018/09/13/facebook-sapfix-debugger/
2018-09-13,techcrunch,US lawmakers warn spy chief that ‘deep fakes’ are a national security threat,http://techcrunch.com/2018/09/13/us-lawmakers-warn-spy-chief-that-deep-fakes-are-a-national-security-threat/
2018-09-13,techcrunch,Uber is investing $150M in Toronto to expand self-driving car efforts,http://techcrunch.com/2018/09/13/uber-is-investing-150m-in-toronto-to-expand-self-driving-car-efforts/
2018-09-13,techcrunch,Google Street View rival Mapillary collaborates with Amazon to read text in its 350M image database,http://techcrunch.com/2018/09/13/mapillary-rekognition-amazon/
2018-09-13,techcrunch,"Microsoft acquires Lobe, a drag-and-drop AI tool",http://techcrunch.com/2018/09/13/microsoft-acquires-lobe-a-drag-and-drop-ai-tool/
2018-09-13,techcrunch,Facebook rolls out photo/video fact checking so partners can train its AI,http://techcrunch.com/2018/09/13/photo-video-fact-checking/
2018-09-13,techcrunch,"Nvidia launches the Tesla T4, its fastest data center inferencing platform yet",http://techcrunch.com/2018/09/12/nvidia-launches-the-tesla-t4-its-fastest-data-center-inferencing-platform-yet/
2018-09-13,techcrunch,Uber is investing $150M in Toronto to expand self-driving car efforts,http://techcrunch.com/2018/09/13/uber-is-investing-150m-in-toronto-to-expand-self-driving-car-efforts/
2018-09-13,techradar,10 things you need to know about the new iPhones,https://www.techradar.com/news/10-things-you-need-to-know-about-the-new-iphones
2018-09-13,techradar,Consumers warming to AI in their everyday lives,https://www.techradar.com/news/consumers-warming-to-ai-in-their-everyday-lives
2018-09-13,techradar,Key camera features on the iPhone XS,https://www.techradar.com/news/key-camera-features-on-the-iphone-xs
2018-09-13,the-economist,Machine learning can control tsetse flies,https://www.economist.com/science-and-technology/2018/08/23/machine-learning-can-control-tsetse-flies
2018-09-13,the-economist,A sense of curiosity is helpful for artificial intelligence,https://www.economist.com/science-and-technology/2018/08/30/a-sense-of-curiosity-is-helpful-for-artificial-intelligence
2018-09-13,the-economist,AI may not be bad news for workers,https://www.economist.com/business/2018/09/15/ai-may-not-be-bad-news-for-workers
2018-09-13,the-economist,Samsung’s $161bn splurge may be about more than business,https://www.economist.com/business/2018/08/23/samsungs-161bn-splurge-may-be-about-more-than-business
2018-09-13,the-economist,"Big data is reshaping humanity, says Yuval Noah Harari",https://www.economist.com/books-and-arts/2018/08/30/big-data-is-reshaping-humanity-says-yuval-noah-harari
2018-09-13,the-economist,Plans for a return to China has many up in arms,https://www.economist.com/business/2018/08/23/plans-for-a-return-to-china-has-many-up-in-arms
2018-09-13,the-economist,Seals’ whiskers provide a model for the latest submarine detectors,https://www.economist.com/science-and-technology/2018/08/09/seals-whiskers-provide-a-model-for-the-latest-submarine-detectors
2018-09-13,the-economist,America can’t control the global flow of ideas,https://www.economist.com/business/2018/09/15/america-cant-control-the-global-flow-of-ideas
2018-09-13,the-economist,China will struggle to produce another Jack Ma,https://www.economist.com/leaders/2018/09/15/china-will-struggle-to-produce-another-jack-ma
2018-09-13,the-new-york-times,Kara Swisher: The Real Google Censorship Scandal,https://www.nytimes.com/2018/09/13/opinion/google-censorship-trump-china.html
2018-09-13,the-new-york-times,"Review: In ‘Science Fair,’ High School Students Are World-Class Scholars",https://www.nytimes.com/2018/09/13/movies/science-fair-review.html
2018-09-13,the-next-web,Google Cloud’s new AI head comes with his own ties to the Pentagon’s Project Maven,https://thenextweb.com/?p=1151270
2018-09-13,the-next-web,"Aspiring data engineers, here are four course bundles that’ll make your career",https://thenextweb.com/offers/2018/09/13/aspiring-data-engineers-here-are-four-course-bundles-thatll-make-your-career/
2018-09-13,the-verge,The 3 best and worst features of the iPhone XS and XS Max,https://www.theverge.com/2018/9/13/17852912/iphone-xs-max-xr-features-best-worst-camera-smart-hdr-apple-price
2018-09-13,the-verge,Can Apple’s iPhone XS camera catch up to Google’s Pixel?,https://www.theverge.com/circuitbreaker/2018/9/13/17853984/iphone-xs-camera-vs-google-pixel
2018-09-14,axios,The US-China race for quantum dominance - Axios,https://www.axios.com/us-chinese-race-for-quantum-dominance-63f55bc2-45b5-438f-ae5c-a29b32a42642.html
2018-09-14,new-scientist,AI tries bad improv comedy to trick people into thinking it is human,http://www.newscientist.com/article/2179506-ai-tries-bad-improv-comedy-to-trick-people-into-thinking-it-is-human/
2018-09-14,recode,Recode Daily: Where in the world is Alphabet CEO Larry Page?,https://www.recode.net/2018/9/14/17857834/larry-page-alphabet-bezos-philanthropy-salesforce-climate-change-cashierless-surroundables-vw-beetle
2018-09-14,recode,"Twitter CEO Jack Dorsey talked to NYU’s Jay Rosen for an hour, on the record. Read and listen to the full interview here.",https://www.recode.net/2018/9/14/17857486/twitter-jack-dorsey-nyu-jay-rosen-bias-neutrality-presence-politics-recode-media-podcast
2018-09-14,techcrunch,Microsoft、ドラグ&ドロップでAIアプリを作るLobeを買収――Azure ML Studioの強化へ,https://jp.techcrunch.com/2018/09/14/2018-09-13-microsoft-acquires-lobe-a-drag-and-drop-ai-tool/
2018-09-14,techcrunch,Mercedes-Benz turns to SoundHound for in-vehicle voice assistant,http://techcrunch.com/2018/09/14/mercedes-benz-turns-to-soundhound-for-in-vehicle-voice-assistant/
2018-09-14,techradar,How AI can restore our forgotten past,https://www.techradar.com/news/how-ai-can-restore-our-forgotten-past
2018-09-14,the-new-york-times,Frank Gehry’s Disney Hall Is Technodreaming,https://www.nytimes.com/2018/09/14/arts/design/refik-anadol-la-philharmonic-disney-hall.html
2018-09-14,the-next-web,Facebook is building an AI tool to help devs fix buggy code,https://thenextweb.com/?p=1151354
2018-09-14,the-next-web,This is what a technology skillset looks like,https://thenextweb.com/2018/09/14/this-is-what-a-technology-skillset-looks-like/
2018-09-14,the-verge,Stop calling Facebook’s effort to fix itself an “arms race”,https://www.theverge.com/2018/9/14/17857712/mark-zuckerberg-facebook-election-security-arms-race-cold-war
2018-09-14,wired,Why Big Tech and the Government Need to Work Together,https://www.wired.com/story/why-big-tech-and-the-government-need-to-work-together/
2018-09-14,wired,"Facebook's AI Can Analyze Memes, but Can It Understand Them?",https://www.wired.com/story/facebook-rosetta-ai-memes/
2018-09-15,abc-news,Report: Trump going ahead with plans for new China tariffs,https://abcnews.go.com/Politics/wireStory/report-trump-ahead-plans-china-tariffs-57850468
2018-09-15,axios,How the Great Recession teed off tech's long boom - Axios,https://www.axios.com/dotcom-bust-tech-growth-great-recession-b26085a7-128d-4724-a607-96114aecdf18.html
2018-09-15,google-news,Show HN: Weather data created by phones for machine learning classifier training,https://play.google.com/store/apps/details?id=com.allclearweather.android&amp;hl=en_US
2018-09-15,techcrunch,Why the Pentagon’s $10 billion JEDI deal has cloud companies going nuts,http://techcrunch.com/2018/09/15/why-the-pentagons-10-billion-jedi-deal-has-cloud-companies-going-nuts/
2018-09-15,the-next-web,Hooking up brains to machines could be the ‘next big thing’ for gaming,https://thenextweb.com/contributors/2018/09/15/hooking-up-brains-to-machines-could-be-the-next-big-thing-for-gaming/
2018-09-15,the-verge,"Facebook beats Twitter at fighting fake news, a new study found",https://www.theverge.com/2018/9/15/17862198/facebook-fake-news-study-twitter-stanford-nyu
2018-09-15,the-wall-street-journal,The Human Promise of the AI Revolution,https://www.wsj.com/articles/the-human-promise-of-the-ai-revolution-1536935115
2018-09-16,techradar,Google's AI is now much better at recognizing songs that are playing,https://www.techradar.com/news/googles-ai-is-now-much-better-at-recognizing-songs-that-are-playing
2018-09-16,the-next-web,Modern chatbots are a solid 6.5 — but we need to strive for the perfect 10,https://thenextweb.com/contributors/2018/09/16/chatbots-need-to-be-the-perfect-10/
2018-09-16,the-wall-street-journal,How to Buy a House the Wall Street Way,https://www.wsj.com/articles/how-to-buy-a-house-the-wall-street-way-1537102800
2018-09-16,time,Report: President Trump Moving Forward With His Plans to Impose China Tariffs,http://time.com/5397541/trump-plans-china-tariffs/
2018-09-17,ars-technica,"iOS 12, thoroughly reviewed",https://arstechnica.com/gadgets/2018/09/ios-12-thoroughly-reviewed/
2018-09-17,ars-technica,Amazon looking into claims that employees delete bad reviews for cash,https://arstechnica.com/information-technology/2018/09/amazon-looking-into-claims-that-employees-delete-bad-reviews-for-cash/
2018-09-17,bloomberg,China Calls for Borderless Research to Promote AI Development,https://www.bloomberg.com/news/articles/2018-09-17/china-calls-for-borderless-research-to-promote-ai-development
2018-09-17,bloomberg,"Machines to Handle Half of Work Tasks by 2025, Davos Group Says",https://www.bloomberg.com/news/articles/2018-09-17/machines-to-handle-half-of-work-tasks-by-2025-davos-group-says
2018-09-17,google-news,ANALISTA DE BUSINESS INTELLIGENCE Pleno (Cód: 2045) - 1 vaga em Curitiba/PR,http://feedproxy.google.com/~r/empregosti/~3/EIstvfUipm8/
2018-09-17,hacker-news,Next Caller Is Hiring a Senior Software Engineer,https://news.ycombinator.com/item?id=18009416
2018-09-17,new-scientist,Revealed: What the UK public really thinks about the future of science,https://www.newscientist.com/article/2179920-revealed-what-the-uk-public-really-thinks-about-the-future-of-science/?utm_campaign=RSS%7CNSNS&utm_source=NSNS&utm_medium=RSS&campaign_id=RSS%7CNSNS-
2018-09-17,recode,"If they don’t want to lose their jobs to a machine, doctors will need to become compassionate ‘human connectors’",https://www.recode.net/2018/9/17/17867990/kai-fu-lee-ai-superpowers-book-artificial-intelligence-jobs-doctors-kara-swisher-decode-podcast
2018-09-17,techradar,Start experimenting with AI to improve your customer service today,https://www.techradar.com/news/start-experimenting-with-ai-to-improve-your-customer-service-today
2018-09-17,techradar,Healthcare leads the way when it comes to AI investment,https://www.techradar.com/news/healthcare-leads-the-way-when-it-comes-to-ai-investment
2018-09-17,techradar,OnePlus will add a smart TV to its lineup next year,https://www.techradar.com/news/oneplus-will-add-a-smart-tv-to-its-lineup-next-year
2018-09-17,the-next-web,I dismantled Google’s tracking — here’s what happened,https://thenextweb.com/contributors/2018/09/17/i-dismantled-googles-tracking-heres-what-happened/
2018-09-17,the-next-web,Jack Ma: Blockchain will be useless if it doesn’t help the environment,https://thenextweb.com/hardfork/2018/09/17/alibaba-jack-ma-blockchain/
2018-09-17,the-verge,Amazon opens its first cashier-less Go store outside of Seattle,https://www.theverge.com/2018/9/17/17869294/amazon-go-store-chicago-cashier-less
2018-09-17,the-verge,"Amazon reportedly planning Alexa microwave, subwoofer, and more this year",https://www.theverge.com/2018/9/17/17871766/amazon-alexa-echo-eight-new-devices-microwave-oven-car-gadget
2018-09-17,the-wall-street-journal,Alibaba's Jack Ma Says Government Should Stick to Governing,https://www.wsj.com/articles/alibabas-jack-ma-says-government-should-stick-to-governing-1537183483
2018-09-17,the-wall-street-journal,Software 'Robots' Power Surging Values for Three Little-Known Startups,https://www.wsj.com/articles/software-robots-power-surging-values-for-three-little-known-startups-1537225425
2018-09-17,the-wall-street-journal,Wearable Health Monitors: Do They Work?,https://www.wsj.com/articles/wearable-health-monitors-do-they-work-1537149961
2018-09-17,the-wall-street-journal,A Twist in the U.S. Tariff Battle: 'It's Helping China Be More Competitive',https://www.wsj.com/articles/a-twist-in-the-u-s-tariff-battle-its-helping-china-be-more-competitive-1537194771
2018-09-18,ars-technica,Construction to begin on 36 megawatt Moroccan wind farm for Bitcoin mining,https://arstechnica.com/information-technology/2018/09/construction-to-begin-on-36-megawatt-moroccan-wind-farm-for-bitcoin-mining/
2018-09-18,new-scientist,Revealed: What the UK public really thinks about the future of science,https://www.newscientist.com/article/2179920-revealed-what-the-uk-public-really-thinks-about-the-future-of-science/?utm_campaign=RSS%7CNSNS&utm_source=NSNS&utm_medium=RSS&campaign_id=RSS%7CNSNS-?cmpid=RSS|NSNS|2012-GLOBAL|magcontents
2018-09-18,techcrunch,Microsoft launches new AI applications for customer service and sales,http://techcrunch.com/2018/09/18/microsoft-launches-new-ai-applications-for-customer-service-and-sales/
2018-09-18,techcrunch,"Indigo raises $250M, launches marketplace to help farmers get paid for quality grain",http://techcrunch.com/2018/09/18/indigo-raises-250m-launches-marketplace-to-help-farmers-get-paid-for-quality-grain/
2018-09-18,techcrunch,Mabl announces $20 million Series B to bring automated QA to enterprise customers,http://techcrunch.com/2018/09/18/mabl-announces-20-million-series-b-to-bring-automated-qa-to-enterprise-customers/
2018-09-18,techcrunch,Coinbase poaches LinkedIn’s head of data Michael Li,http://techcrunch.com/2018/09/18/coinbase-poaches-linkedins-head-of-data-michael-li/
2018-09-18,techcrunch,"Committed to privacy, Snips founder wants to take on Alexa and Google, with blockchain",http://techcrunch.com/2018/09/18/committed-to-privacy-snips-founder-wants-to-take-on-alexa-and-google-with-blockchain/
2018-09-18,techradar,"Get ready for 6G mobile networks: 1Tbps speeds, microsecond latency and AI optimisation",https://www.techradar.com/news/get-ready-for-6g-mobile-networks-1tbps-speeds-microsecond-latency-and-ai-optimisation
2018-09-18,techradar,Nvidia RTX 2080 Ti leaves Titan Xp in the dust in leaked Final Fantasy XV benchmarks,https://www.techradar.com/news/nvidia-rtx-2080-ti-leaves-titan-xp-in-the-dust-in-leaked-final-fantasy-xv-benchmarks
2018-09-18,techradar,LG ThinQs it's finally time to launch Google Assistant on its Aussie TVs,https://www.techradar.com/news/lg-thinqs-today-is-a-good-time-to-launch-google-assistant-on-its-tvs-in-australia
2018-09-18,the-economist,Private equity is piling into health care,https://www.economist.com/finance-and-economics/2018/07/26/private-equity-is-piling-into-health-care
2018-09-18,the-economist,"AI, radiology and the future of work",https://www.economist.com/leaders/2018/06/07/ai-radiology-and-the-future-of-work
2018-09-18,the-economist,A faked video of Donald Trump points to a worrying future,https://www.economist.com/leaders/2018/05/24/a-faked-video-of-donald-trump-points-to-a-worrying-future
2018-09-18,the-economist,America’s tech giants vie with China’s in third countries,https://www.economist.com/leaders/2018/07/05/americas-tech-giants-vie-with-chinas-in-third-countries
2018-09-18,the-economist,Studying the Middle Ages through its monsters,https://www.economist.com/prospero/2018/06/14/studying-the-middle-ages-through-its-monsters
2018-09-18,the-next-web,"Google, Microsoft, and Amazon drool over Chinese AI market while Apple woos Trump",https://thenextweb.com/?p=1152219
2018-09-18,the-verge,Apple iPhone XS and XS Max review: smoothed out,https://www.theverge.com/2018/9/18/17871816/apple-iphone-xs-max-review-camera-processor-battery-price
2018-09-18,the-wall-street-journal,Very Interesting! Awesome! Love it! Gmail Users Confront Chipper 'Smart Reply',https://www.wsj.com/articles/very-interesting-awesome-love-it-gmail-users-confront-chipper-smart-reply-1537282569
2018-09-18,the-wall-street-journal,Alibaba's Jack Ma Denies Beijing Forced Him Out,https://www.wsj.com/articles/alibabas-jack-ma-denies-beijing-forced-him-out-1537280485
2018-09-18,the-wall-street-journal,Venture Funding Flows to New York City Tech Startups,https://www.wsj.com/articles/venture-funding-flows-to-new-york-city-tech-startups-1537279706
2018-09-18,wired,How Apple Makes the AI Chip Powering the iPhone's Fancy Tricks,https://www.wired.com/story/how-apple-makes-ai-chip-powering-iphones-fancy-tricks/
2018-09-18,wired,First to Market: Facial Recognition Startups,https://www.wired.com/story/wired25-facial-recognition-startups-first-to-market/
2018-09-18,wired,"To an AI, Every Eye Tells a Story",https://www.wired.com/story/wired25-sundar-pichai-r-kim-artificial-intelligence-vision/
2018-09-18,wired,"Apple iPhone XS Review: Evolutionary, Not Revolutionary",https://www.wired.com/review/apple-iphone-xs-and-iphone-xs-max/
2018-09-18,wired,QAnon Is Trying to Trick Facebook’s Meme AI,https://www.wired.com/story/qanon-conspiracy-facebook-meme-ai/
2018-09-18,wired,"Sebastian Thrun on AI, Flying Cars, and Sam Altman",https://www.wired.com/story/wired25-sebastian-thrun-sam-altman-artificial-intelligence/
2018-09-18,wired,"An AI Pioneer, and the Researcher Bringing Humanity to AI",https://www.wired.com/story/wired25-kai-fu-lee-fei-fei-li-artificial-intelligence/
2018-09-18,wired,Pinterest's Evan Sharp Trusts Design to Keep Things Simple,https://www.wired.com/story/wired25-jonathan-ive-evan-sharp-pinterest-design/
2018-09-18,wired,Steward Brand and the Tools to Make the Whole Earth Better,https://www.wired.com/story/wired25-stewart-brand-whole-earth/
2018-09-18,wired,25 Years of WIRED Predictions: Why the Future Never Arrives,https://www.wired.com/story/wired25-david-karpf-issues-tech-predictions/
2018-09-19,bloomberg,Artificial Intelligence Threatens Jobs in Developing World,https://www.bloomberg.com/tosv2.html?vid=&uuid=277c9070-bc5f-11e8-96ca-290d36191c84&url=L3ZpZXcvYXJ0aWNsZXMvMjAxOC0wOS0xNy9hcnRpZmljaWFsLWludGVsbGlnZW5jZS10aHJlYXRlbnMtam9icy1pbi1kZXZlbG9waW5nLXdvcmxk
2018-09-19,google-news,Alibaba is reportedly setting up its own company to make a customized artificial-intelligence chip (BABA),http://feedproxy.google.com/~r/typepad/alleyinsider/silicon_alley_insider/~3/ko5pooKp028/alibaba-stock-price-make-customized-artificial-intelligence-chip-2018-9
2018-09-19,google-news,Alibaba is reportedly setting up its own company to make a customized artificial-intelligence chip (BABA),http://feedproxy.google.com/~r/businessinsider/~3/dhQQJAw_03s/alibaba-stock-price-make-customized-artificial-intelligence-chip-2018-9
2018-09-19,techcrunch,Google launches new AI initiatives in Japan,http://techcrunch.com/2018/09/18/google-launches-new-ai-initiatives-in-japan/
2018-09-19,techcrunch,Einstein Voice gives Salesforce users gift of gab,http://techcrunch.com/2018/09/19/einstein-voice-gives-salesforce-users-gift-of-gab/
2018-09-19,techcrunch,Solving the mystery of sleep,http://techcrunch.com/2018/09/18/solving-the-mystery-of-sleep/
2018-09-19,techcrunch,"Fresh out of Y Combinator, Leena AI scores $2M seed round",http://techcrunch.com/2018/09/19/fresh-out-of-y-combinator-leena-ai-scores-2m-seed-round/
2018-09-19,techcrunch,IBM launches cloud tool to detect AI bias and explain automated decisions,http://techcrunch.com/2018/09/19/ibm-launches-cloud-tool-to-detect-ai-bias-and-explain-automated-decisions/
2018-09-19,techcrunch,Googleが日本で複数のAI関連事業を立ち上げ、UNIQLOとパートナーシップ,https://jp.techcrunch.com/2018/09/19/2018-09-18-google-launches-new-ai-initiatives-in-japan/
2018-09-19,techcrunch,"Fresh out of Y Combinator, Leena AI scores $2M seed round",http://techcrunch.com/2018/09/19/fresh-out-of-y-combinator-leena-ai-scores-2m-seed-round/
2018-09-19,techcrunch,Amazonからビジュアル・ショッピングツール、Scout登場――機械学習で検索をパーソナライズ,https://jp.techcrunch.com/2018/09/20/2018-09-19-amazon-launches-scout-a-machine-learning-powered-visual-shopping-tool/
2018-09-19,techcrunch,"Amazon launches Scout, a machine learning-powered visual shopping tool",http://techcrunch.com/2018/09/19/amazon-launches-scout-a-machine-learning-powered-visual-shopping-tool/
2018-09-19,techcrunch,Solving the mystery of sleep,http://techcrunch.com/2018/09/18/solving-the-mystery-of-sleep/
2018-09-19,techradar,Sony’s robot puppy Aibo is looking for a US forever home,https://www.techradar.com/news/sonys-robot-puppy-aibo-is-looking-for-a-us-forever-home
2018-09-19,techradar,Certification for AI technology could soon be a reality,https://www.techradar.com/news/certification-for-ai-technology-could-soon-be-a-reality
2018-09-19,techradar,Nvidia GeForce RTX 2080 Ti,https://www.techradar.com/reviews/nvidia-geforce-rtx-2080-ti-review
2018-09-19,techradar,Nvidia GeForce RTX 2080,https://www.techradar.com/reviews/nvidia-geforce-rtx-2080
2018-09-19,techradar,Kaspersky Anti-Virus 2019,https://www.techradar.com/reviews/kaspersky-antivirus-2019
2018-09-19,the-economist,Google runs into more flak on artificial intelligence,https://www.economist.com/business/2018/06/16/google-runs-into-more-flak-on-artificial-intelligence
2018-09-19,the-economist,Law firms climb aboard the AI wagon,https://www.economist.com/business/2018/07/12/law-firms-climb-aboard-the-ai-wagon
2018-09-19,the-economist,More staff training is vital,https://www.economist.com/business/2018/08/09/more-staff-training-is-vital
2018-09-19,the-economist,How an algorithm may decide your career,https://www.economist.com/business/2018/06/21/how-an-algorithm-may-decide-your-career
2018-09-19,the-economist,A new breed of German startups,https://www.economist.com/business/2018/06/16/a-new-breed-of-german-startups
2018-09-19,the-economist,A Chinese music-video app is making WeChat sweat,https://www.economist.com/business/2018/07/12/a-chinese-music-video-app-is-making-wechat-sweat
2018-09-19,the-economist,The insecurity of freelance work,https://www.economist.com/business/2018/06/14/the-insecurity-of-freelance-work
2018-09-19,the-economist,A more realistic route to autonomous driving,https://www.economist.com/business/2018/08/02/a-more-realistic-route-to-autonomous-driving
2018-09-19,the-economist,How bosses should respond to the sound of the clock ticking,https://www.economist.com/business/2018/07/19/how-bosses-should-respond-to-the-sound-of-the-clock-ticking
2018-09-19,the-economist,Silicon Valley gets queasy about Chinese money,https://www.economist.com/business/2018/08/09/silicon-valley-gets-queasy-about-chinese-money
2018-09-19,the-economist,America Inc and the rage against Beijing,https://www.economist.com/business/2018/06/28/america-inc-and-the-rage-against-beijing
2018-09-19,the-economist,Alibaba and Tencent have become China’s most formidable investors,https://www.economist.com/business/2018/08/02/alibaba-and-tencent-have-become-chinas-most-formidable-investors
2018-09-19,the-next-web,AI can protect elephants from poachers — here’s how,https://thenextweb.com/?p=1152049
2018-09-19,the-next-web,Teaching robots to predict the future,https://thenextweb.com/?p=1152616
2018-09-19,the-next-web,New physics AI could be the key to a quantum computing revolution,https://thenextweb.com/?p=1152599
2018-09-19,the-verge,How white supremacists are thriving on YouTube,https://www.theverge.com/2018/9/19/17876892/youtube-extremism-report-rebecca-lewis-data-society
2018-09-19,the-verge,There’s a lion in London’s Trafalgar Square that eats words and roars AI-generated poetry,https://www.theverge.com/2018/9/19/17874722/please-feed-the-lions-ai-google-trafalgar-square-es-devlin
2018-09-19,the-wall-street-journal,AI Is the New Weapon Against Cyberattacks,https://www.wsj.com/articles/how-ai-can-help-stop-cyberattacks-1537322940
2018-09-19,the-wall-street-journal,Facial Recognition Goes Mainstream,https://www.wsj.com/articles/facial-recognition-goes-mainstream-1537322700
2018-09-19,the-wall-street-journal,"Ordering Coffee Through Your Car? New Apps Turn Cars Into Smartphones, Raising Safety Questions",https://www.wsj.com/articles/ordering-coffee-through-your-car-new-apps-turn-cars-into-smartphones-raising-safety-questions-1537354800
2018-09-19,the-wall-street-journal,World Economic Forum Takes On China Tech Regulation,https://www.wsj.com/articles/world-economic-forum-takes-on-china-tech-regulation-1537329621
2018-09-19,time,‘This Is How Rats Work.’ Why Twitter’s Emphasis on Follower Counts Could Be Backfiring,http://time.com/5390750/twitter-follower-counts/
2018-09-20,abc-news,"Pentagon field tests 'molar mic,' an encrypted radio that attaches to your tooth",https://abcnews.go.com/Technology/News/pentagon-field-tests-molar-mic-encrypted-radio-attaches/story?id=57916905
2018-09-20,bloomberg,"At This High-Tech Farm, the Boss Is an AI Algorithm: Next Jobs",https://www.bloomberg.com/news/articles/2018-09-20/at-this-high-tech-farm-the-boss-is-an-ai-powered-algorithm
2018-09-20,techcrunch,AI could help push Neo4j graph database growth,http://techcrunch.com/2018/09/20/ai-could-help-push-neo4j-graph-database-growth/
2018-09-20,techcrunch,"Cluep, a Canadian startup that raised just $500k, acquired for $40M",http://techcrunch.com/2018/09/20/cluep-a-canadian-startup-that-raised-just-500k-acquired-for-40m/
2018-09-20,techcrunch,WalkMe raises $40M at a $1B+ valuation for its on-screen guidance technology,http://techcrunch.com/2018/09/20/walkme-raises-40m-at-a-1b-valuation-for-its-on-screen-guidance-technology/
2018-09-20,techcrunch,"As tasks wane, skills rise",http://techcrunch.com/2018/09/20/as-tasks-wane-skills-rise/
2018-09-20,techcrunch,Exhibit for free in Startup Alley at Disrupt Berlin 2018,http://techcrunch.com/2018/09/20/exhibit-for-free-in-startup-alley-at-disrupt-berlin-2018/
2018-09-20,techradar,Windows 10 October 2018 Update could lose one of its best features before release,https://www.techradar.com/news/windows-10-october-2018-update-could-lose-one-of-its-best-features-before-release
2018-09-20,the-economist,Artificial intelligence will improve medical treatments,https://www.economist.com/science-and-technology/2018/06/07/artificial-intelligence-will-improve-medical-treatments
2018-09-20,the-economist,It should soon be easier to tell a chemical’s toxicity without killing animals,https://www.economist.com/science-and-technology/2018/08/04/it-should-soon-be-easier-to-tell-a-chemicals-toxicity-without-killing-animals
2018-09-20,the-economist,Business this week,https://www.economist.com/the-world-this-week/2018/04/26/business-this-week
2018-09-20,the-economist,Can the EU become another AI superpower?,https://www.economist.com/business/2018/09/22/can-the-eu-become-another-ai-superpower
2018-09-20,the-economist,The way people walk can be used for ID and health checks,https://www.economist.com/science-and-technology/2018/07/12/the-way-people-walk-can-be-used-for-id-and-health-checks
2018-09-20,the-economist,Only a tenth of the human genome is studied,https://www.economist.com/science-and-technology/2018/09/22/only-a-tenth-of-the-human-genome-is-studied
2018-09-20,the-economist,Using AI to trace leaking pipes,https://www.economist.com/science-and-technology/2018/04/26/using-ai-to-trace-leaking-pipes
2018-09-20,the-economist,Only a tenth of the human genome is studied,https://www.economist.com/node/21751262
2018-09-20,the-economist,The high costs of staff turnover,https://www.economist.com/business/2018/09/22/the-high-costs-of-staff-turnover
2018-09-20,the-economist,How Europe can improve the development of AI,https://www.economist.com/leaders/2018/09/22/how-europe-can-improve-the-development-of-ai
2018-09-20,the-economist,The natural wildness of the English language,https://www.economist.com/books-and-arts/2018/09/20/the-natural-wildness-of-the-english-language
2018-09-20,the-huffington-post,25 Funny Tweets That Capture Parenting In The Age Of Alexa And Siri,https://www.huffingtonpost.com/entry/funny-tweets-alexa-siri_us_5b96cd8fe4b0162f473006a1
2018-09-20,the-new-york-times,Cboe Exchange Turns to Machines to Police Its 'Fear Gauge',https://www.nytimes.com/reuters/2018/09/20/business/20reuters-cboe-vix.html
2018-09-20,the-next-web,Tencent created AI agents that can beat StarCraft 2’s Cheater AI,https://thenextweb.com/?p=1153046
2018-09-20,the-verge,Amazon is turning the Echo into a security system,https://www.theverge.com/2018/9/20/17883428/amazon-alexa-guard-alarm-ring-smart-home-security-price
2018-09-20,the-verge,"AI gliders learn to fly using air currents, just like birds",https://www.theverge.com/2018/9/20/17881770/ai-machine-learning-gliders-air-currents-learning-birds
2018-09-20,the-verge,The 14 biggest announcements from Amazon’s surprise hardware event,https://www.theverge.com/2018/9/20/17883242/amazon-alexa-event-2018-news-recap-echo-auto-dot-sub-link-auto-microwave
2018-09-20,the-verge,Facebook will open a “war room” next week to monitor election interference,https://www.theverge.com/2018/9/20/17880810/facebook-election-war-room-interference-misinformation
2018-09-20,the-wall-street-journal,Artificial Intelligence: The Robots Are Now Hiring,https://www.wsj.com/articles/artificial-intelligence-the-robots-are-now-hiring-moving-upstream-1537435820
2018-09-20,the-wall-street-journal,Artificial Intelligence: The Robots Are Now Hiring - Moving Upstream,http://www.wsj.com/video/series/moving-upstream/artificial-intelligence-the-robots-are-now-hiring-moving-upstream/2790C6B9-4E47-4544-9331-36DB418366CF
2018-09-20,time,"Almost Half Of all Cell Phone Calls Will Be Spam by Next Year, Tech Security Firm Warns",http://time.com/5401861/cell-phone-calls-fraudulent-first-orion/
2018-09-20,time,Amazon Just Unveiled a Bunch of New Stuff With Alexa — Including a $60 Microwave,http://time.com/5402499/amazon-alexa-microwave/
2018-09-20,wired,Want a Robot to *Really* Get a Grip? Make It Like Baymax,https://www.wired.com/story/soft-robots-air-driven-grippers/
2018-09-20,wired,Amazon’s Alexa Upgrades Give the Voice Assistant New Listening Powers,https://www.wired.com/story/amazon-alexa-upgrades-whisper-alexa-guard/
2018-09-21,new-scientist,Stupid AI: How humans can stop machines from falling for visual tricks,http://www.newscientist.com/article/2180331-stupid-ai-how-humans-can-stop-machines-from-falling-for-visual-tricks/
2018-09-21,techradar,Facebook’s long-awaited video chat device could be launched this month,https://www.techradar.com/news/facebooks-long-awaited-video-chat-device-could-be-launched-this-month
2018-09-21,techradar,Android 9 Pie is now rolling out to the OnePlus 6,https://www.techradar.com/news/android-9-pie-is-now-rolling-out-to-the-oneplus-6
2018-09-21,techradar,Avira Antivirus Pro 2019,https://www.techradar.com/reviews/avira-antivirus-pro-2019
2018-09-21,techradar,HUAWEI P20 Pro still tops the charts even after the launch of iPhone XS Max,https://www.techradar.com/news/huawei-p20-pro-still-tops-the-charts-even-after-the-launch-of-iphone-xs-max
2018-09-21,the-next-web,Artificial intelligence hates the poor and disenfranchised,https://thenextweb.com/?p=1153369
2018-09-21,the-verge,Google built VR motion controllers for the Lenovo Mirage Solo headset,https://www.theverge.com/2018/9/21/17887696/google-daydream-lenovo-mirage-solo-vr-motion-controllers-api
2018-09-21,the-wall-street-journal,"Michael Ovitz, Former Hollywood Super Agent, Looks Back...",https://www.wsj.com/articles/michael-ovitz-the-former-hollywood-super-agent-looks-back-in-a-new-book-1537561186
2018-09-21,wired,Siemen's Self-Driving Street Car Puts Autonomous Tech on Track,https://www.wired.com/story/siemens-potsdam-self-driving-street-car-tram/
2018-09-22,new-scientist,"Don’t miss: A digital sidekick, culture of crystals and bits of bear",https://www.newscientist.com/article/mg23931961-500-dont-miss-a-digital-sidekick-culture-of-crystals-and-bits-of-bear/?utm_campaign=RSS%7CNSNS&utm_source=NSNS&utm_medium=RSS&campaign_id=RSS%7CNSNS-?cmpid=RSS|NSNS|2012-GLOBAL|magcontents
2018-09-22,new-scientist,"Don’t miss: A digital sidekick, culture of crystals and bits of bear",https://www.newscientist.com/article/mg23931961-500-dont-miss-a-digital-sidekick-culture-of-crystals-and-bits-of-bear/?utm_campaign=RSS%7CNSNS&utm_source=NSNS&utm_medium=RSS&utm_content=space&campaign_id=RSS%7CNSNS-space
2018-09-22,new-scientist,"Don’t miss: A digital sidekick, culture of crystals and bits of bear",https://www.newscientist.com/article/mg23931961-500-dont-miss-a-digital-sidekick-culture-of-crystals-and-bits-of-bear/?utm_campaign=RSS%7CNSNS&utm_source=NSNS&utm_medium=RSS&utm_content=humans&campaign_id=RSS%7CNSNS-humans
2018-09-22,the-new-york-times,What China Can Teach the U.S. About Artificial Intelligence,https://www.nytimes.com/2018/09/22/opinion/sunday/ai-china-united-states.html
2018-09-22,the-next-web,How your media buying agency is screwing you over,https://thenextweb.com/contributors/2018/09/22/your-media-buying-agency-is-screwing-you-over/
2018-09-22,the-verge,Why Twitter reset the @Twitter account,https://www.theverge.com/2018/9/22/17888600/twitter-account-marketing-leslie-berland
2018-09-23,the-huffington-post,China trade is one way trade: theirs,https://www.huffingtonpost.com/entry/china-trade-is-one-way-trade-theirs_us_594513b6e4b024b7e0df4c53
2018-09-23,the-new-york-times,Saving Our Future,https://www.nytimes.com/2018/09/23/opinion/john-kerry-saving-our-future.html
2018-09-23,the-next-web,Hollywood did a surprisingly good job predicting our drone future,https://thenextweb.com/contributors/2018/09/23/hollywood-predicted-our-drone-future/
2018-09-23,the-verge,Deezer researchers developed an AI system that detects a song’s musical mood,https://www.theverge.com/2018/9/23/17888240/deezer-researchers-ai-system-detect-song-musical-mood
2018-09-23,wired,Artificial Intelligence Has a Strange New Muse: Our Sense of Smell,https://www.wired.com/story/artificial-intelligence-has-a-strange-new-muse-our-sense-of-smell/
2018-09-24,abc-news,AP Explains: The US push to boost 'quantum computing',https://abcnews.go.com/Technology/wireStory/ap-explains-us-push-boost-quantum-computing-58041931
2018-09-24,new-scientist,People are more clued up about science than you might think,https://www.newscientist.com/article/2179920-revealed-what-the-uk-public-really-thinks-about-the-future-of-science
2018-09-24,recode,Google is following Instagram and Snapchat with a big push into Stories,https://www.recode.net/2018/9/24/17897196/google-stories-push-instagram-facebook-snapchat
2018-09-24,recode,"Big data could ‘stop famines from ever happening again,’ says World Bank Group President Jim Yong Kim",https://www.recode.net/2018/9/24/17894440/jim-yong-kim-world-bank-group-famine-google-amazon-microsoft-data-famine-kara-swisher-podcast
2018-09-24,techcrunch,Microsoft’s machine learning tools for developers get smarter,http://techcrunch.com/2018/09/24/microsofts-machine-learning-tools-for-developers-get-smarter/
2018-09-24,techcrunch,Here’s everything Google announced today at its “Future of Search” event,http://techcrunch.com/2018/09/24/heres-everything-google-announced-today-at-its-future-of-search-event/
2018-09-24,techcrunch,Uber and Grab hit with $9.5M in fines over ‘anti-competitive’ merger,http://techcrunch.com/2018/09/23/uber-and-grab-hit-with-9-5m-in-fines/
2018-09-24,techcrunch,"Microsoft, SAP and Adobe take on Salesforce with their new Open Data Initiative for customer data",http://techcrunch.com/2018/09/24/microsoft-sap-and-adobe-take-on-salesforce-with-their-new-open-data-initiative-for-customer-data/
2018-09-24,techcrunch,The 7 most important announcements from Microsoft Ignite today,http://techcrunch.com/2018/09/24/the-7-most-important-announcements-from-microsoft-ignite-today/
2018-09-24,techcrunch,"The Markup, a tech-focused investigative news site, raises $20 million from Craigslist founder",http://techcrunch.com/2018/09/23/the-markup-a-tech-focused-investigative-news-site-raises-20-million-from-craigslist-founder/
2018-09-24,techcrunch,Adobe introduces AI assistant to help Analytics users find deeper insights,http://techcrunch.com/2018/09/24/adobe-introduces-ai-assistant-to-help-analytics-users-find-deeper-insights/
2018-09-24,techcrunch,macOS 10.14 Mojave review,http://techcrunch.com/2018/09/24/macos-10-14-mojave-review/
2018-09-24,techradar,Deezer could make song playlists smarter with AI mood detection,https://www.techradar.com/news/deezer-could-make-song-playlists-smarter-with-ai-mood-detection
2018-09-24,techradar,Apple just bought Shazam,https://www.techradar.com/news/apple-just-bought-shazam
2018-09-24,techradar,Making tax digital: the catalyst for digitisation,https://www.techradar.com/news/making-tax-digital-the-catalyst-for-digitisation
2018-09-24,the-economist,Hospitals are learning from industry how to cut medical errors,https://www.economist.com/international/2018/06/28/hospitals-are-learning-from-industry-how-to-cut-medical-errors
2018-09-24,the-economist,AI may not be bad news for workers,https://www.economist.com/business/2018/09/13/ai-may-not-be-bad-news-for-workers
2018-09-24,the-economist,Digital technology can make financial struggles easier to manage,https://www.economist.com/international/2017/09/07/digital-technology-can-make-financial-struggles-easier-to-manage
2018-09-24,the-economist,America can’t control the global flow of ideas,https://www.economist.com/business/2018/09/13/america-cant-control-the-global-flow-of-ideas
2018-09-24,the-economist,Internet firms face a global techlash,https://www.economist.com/international/2017/08/10/internet-firms-face-a-global-techlash
2018-09-24,the-economist,How global university rankings are changing higher education,https://www.economist.com/international/2018/05/19/how-global-university-rankings-are-changing-higher-education
2018-09-24,the-economist,How social-media platforms dispense justice,https://www.economist.com/business/2018/09/06/how-social-media-platforms-dispense-justice
2018-09-24,the-economist,“Effective altruists” aim to change the world from a Blackpool hotel,https://www.economist.com/britain/2018/09/06/effective-altruists-aim-to-change-the-world-from-a-blackpool-hotel
2018-09-24,the-economist,Tech giants are under fire for facilitating terrorism,https://www.economist.com/international/2017/06/08/tech-giants-are-under-fire-for-facilitating-terrorism
2018-09-24,the-next-web,Slack just bought (and killed) a beloved email app,https://thenextweb.com/?p=1153666
2018-09-24,the-next-web,‘Minimal Turing Test’ asks you to prove you’re a human with a single word,https://thenextweb.com/?p=1153649
2018-09-24,the-wall-street-journal,WPP Considers Merger of Young & Rubicam and Digital Ad Firm VML,https://www.wsj.com/articles/wpp-considers-merger-of-young-rubicam-and-digital-ad-firm-vml-1537729991
2018-09-24,the-wall-street-journal,Private Equity Turns to Big Data to Find Deals,https://www.wsj.com/articles/private-equity-turns-to-big-data-to-find-deals-1537754581
2018-09-25,medical-news-today,A new blood test may detect sleep deprivation,https://www.medicalnewstoday.com/articles/323166.php
2018-09-25,new-scientist,AI eavesdrops on Borneo’s rainforests to check on biodiversity,http://www.newscientist.com/article/2179850-ai-eavesdrops-on-borneos-rainforests-to-check-on-biodiversity/
2018-09-25,recode,AI-produced artwork is moving from the fringes into the high art world,https://www.recode.net/2018/9/25/17888288/ai-art-christies-artwork-obvious-french-auction
2018-09-25,techcrunch,You’ll now need a subscription to get the best of Microsoft Office,http://techcrunch.com/2018/09/25/youll-now-need-a-subscription-to-get-the-best-of-microsoft-office/
2018-09-25,techcrunch,"Salesforce, AWS expand partnership with secure data sharing between platforms",http://techcrunch.com/2018/09/25/salesforce-aws-expand-partnership-with-direct-data-integration-between-platforms/
2018-09-25,techcrunch,Applications for TC Top Picks at Disrupt Berlin 2018 close Friday,http://techcrunch.com/2018/09/25/applications-for-tc-top-picks-at-disrupt-berlin-2018-close-friday/
2018-09-25,techcrunch,Google CEO Sundar Pichai will reportedly meet with Republican lawmakers this week,http://techcrunch.com/2018/09/24/google-ceo-sundar-pichai-will-reportedly-meet-with-republican-lawmakers-this-week/
2018-09-25,techcrunch,Snyk raises $22M on a $100M valuation to detect security vulnerabilities in open source code,http://techcrunch.com/2018/09/25/snyk-raises-22m-on-a-100m-valuation-to-detect-security-vulnerabilities-in-open-source-code/
2018-09-25,techcrunch,,https://techcrunch.com/2018/09/24/instagram-founders-leave/
2018-09-25,techcrunch,"With Mulesoft in fold, Salesforce gains access to data wherever lives",http://techcrunch.com/2018/09/25/with-mulesoft-in-fold-salesforce-gains-access-to-data-wherever-lives/
2018-09-25,techradar,Behind the scenes: powering AI transformation with High Performance Computing,https://www.techradar.com/news/behind-the-scenes-powering-ai-transformation-with-high-performance-computing
2018-09-25,the-next-web,Voice assistants will probably let us down,https://thenextweb.com/?p=1153854
2018-09-25,the-next-web,AI has already been weaponized – that’s why we need to ban ‘killer robots’,https://thenextweb.com/?p=1152083
2018-09-25,the-next-web,Fairies and deepfakes: a brief history of visual trickery,https://thenextweb.com/?p=1153906
2018-09-25,the-next-web,Report: China will outspend US on AI research by end of 2018,https://thenextweb.com/?p=1154012
2018-09-25,the-verge,Google is using AI to predict floods in India and warn users,https://www.theverge.com/2018/9/25/17900018/google-ai-predictions-flooding-india-public-alerts
2018-09-25,the-verge,Google CEO Sundar Pichai is headed to Washington this week to discuss censorship and China,https://www.theverge.com/2018/9/24/17898930/google-ceo-sundar-pichai-meet-with-washington-gop-china
2018-09-25,the-wall-street-journal,Please Comb Your Hair. Phones With Facial Recognition Get Judgmental With Their Owners,https://www.wsj.com/articles/please-comb-your-hair-phones-with-facial-recognition-get-judgmental-with-their-owners-1537887972
2018-09-25,the-wall-street-journal,Instagram's Kevin Systrom on the Platform He Built for One Billion Users,https://www.wsj.com/articles/instagrams-kevin-systrom-on-the-platform-he-built-for-one-billion-users-1537886795
2018-09-25,time,U.N. to Caution Against Populism as World Leaders Convene for the Annual Summit,http://time.com/5405514/un-general-assembly-convenes-2018/
2018-09-26,medical-news-today,Medical News Today: Your height may predict your risk of varicose veins,https://www.medicalnewstoday.com/articles/323187.php
2018-09-26,new-scientist,Mind-reading devices can now access your thoughts and dreams using AI,https://www.newscientist.com/article/mg23931972-500-mind-reading-devices-can-now-access-your-thoughts-and-dreams-using-ai/?utm_campaign=RSS%7CNSNS&utm_source=NSNS&utm_medium=RSS&campaign_id=RSS%7CNSNS-
2018-09-26,new-scientist,Mind-reading devices can now access your thoughts and dreams using AI,https://www.newscientist.com/article/mg23931972-500-mind-reading-devices-can-now-access-your-thoughts-and-dreams-using-ai/?utm_campaign=RSS%7CNSNS&utm_source=NSNS&utm_medium=RSS&utm_content=technology&campaign_id=RSS%7CNSNS-technology
2018-09-26,new-scientist,Mind-reading devices can now access your thoughts and dreams using AI,https://www.newscientist.com/article/mg23931972-500-mind-reading-devices-can-now-access-your-thoughts-and-dreams-using-ai/?utm_campaign=RSS%7CNSNS&utm_source=NSNS&utm_medium=RSS&campaign_id=RSS%7CNSNS-?cmpid=RSS|NSNS|2012-GLOBAL|magcontents
2018-09-26,new-scientist,Mind-reading devices can now access your thoughts and dreams using AI,https://www.newscientist.com/article/mg23931972-500-mind-reading-devices-can-now-access-your-thoughts-and-dreams-using-ai/?utm_campaign=RSS%7CNSNS&utm_source=NSNS&utm_medium=RSS&utm_content=features&campaign_id=RSS%7CNSNS-features
2018-09-26,recode,Wearables pioneer Jawbone is back with a new mission: Warning you about health problems you didn’t know you had,https://www.recode.net/2018/9/26/17904022/jawbone-health-hosain-rahman-wearables-healthcare-salesforce-kara-swisher-decode-podcast
2018-09-26,techcrunch,A new way to explain neural networks,http://techcrunch.com/2018/09/26/a-new-way-to-explain-neural-networks/
2018-09-26,techcrunch,Product Hunt Radio: Finding the world’s lost Einsteins and putting an end to aging,http://techcrunch.com/2018/09/26/product-hunt-radio-finding-the-worlds-lost-einsteins-and-putting-an-end-to-aging/
2018-09-26,techcrunch,Facebook poisons the acquisition well,http://techcrunch.com/2018/09/26/m-and-nay/
2018-09-26,techcrunch,Putting the Pentagon $10B JEDI cloud contract into perspective,http://techcrunch.com/2018/09/26/putting-the-pentagon-10b-jedi-cloud-contract-into-proper-perspective/
2018-09-26,techcrunch,"UK cybersecurity firm Darktrace raises $50M, now valued at $1.65B",http://techcrunch.com/2018/09/26/darktrace-raises-50-million-new-funding/
2018-09-26,techcrunch,48 hours left to apply as a TC Top Pick at Disrupt Berlin 2018,http://techcrunch.com/2018/09/26/48-hours-left-to-apply-as-a-tc-top-pick-at-disrupt-berlin-2018/
2018-09-26,techradar,Could 5G networks herald the arrival of a four-day work week?,https://www.techradar.com/news/could-5g-networks-herald-the-arrival-of-a-four-day-work-week
2018-09-26,techradar,Sony to launch 12 more lenses in 2019,https://www.techradar.com/news/sony-to-launch-12-more-lenses-in-2019
2018-09-26,the-economist,Non-tech businesses are beginning to use artificial intelligence at scale,https://www.economist.com/special-report/2018/03/31/non-tech-businesses-are-beginning-to-use-artificial-intelligence-at-scale
2018-09-26,the-economist,Electronic surveillance may save the rhino,https://www.economist.com/special-report/2017/11/09/electronic-surveillance-may-save-the-rhino
2018-09-26,the-economist,AI providers will increasingly compete with management consultancies,https://www.economist.com/special-report/2018/03/31/ai-providers-will-increasingly-compete-with-management-consultancies
2018-09-26,the-economist,Getting to grips with military robotics,https://www.economist.com/special-report/2018/01/25/getting-to-grips-with-military-robotics
2018-09-26,the-economist,The sunny and the dark side of AI,https://www.economist.com/special-report/2018/03/31/the-sunny-and-the-dark-side-of-ai
2018-09-26,the-economist,How AI is spreading throughout the supply chain,https://www.economist.com/special-report/2018/03/31/how-ai-is-spreading-throughout-the-supply-chain
2018-09-26,the-economist,What happens when Chinese students abroad return home,https://www.economist.com/special-report/2018/05/17/what-happens-when-chinese-students-abroad-return-home
2018-09-26,the-economist,Using clever technology to keep enemies at bay,https://www.economist.com/special-report/2018/01/25/using-clever-technology-to-keep-enemies-at-bay
2018-09-26,the-economist,Waging war with disinformation,https://www.economist.com/special-report/2018/01/25/waging-war-with-disinformation
2018-09-26,the-economist,Autonomous vehicles are just around the corner,https://www.economist.com/special-report/2018/03/01/autonomous-vehicles-are-just-around-the-corner
2018-09-26,the-economist,Preparing for more urban warfare,https://www.economist.com/special-report/2018/01/25/preparing-for-more-urban-warfare
2018-09-26,the-economist,Technology can make scarce medical resources go further,https://www.economist.com/special-report/2017/11/11/technology-can-make-scarce-medical-resources-go-further
2018-09-26,the-economist,Managing human resources is about to become easier,https://www.economist.com/special-report/2018/03/31/managing-human-resources-is-about-to-become-easier
2018-09-26,the-economist,China has the world’s most centralised internet system,https://www.economist.com/special-report/2018/06/28/china-has-the-worlds-most-centralised-internet-system
2018-09-26,the-economist,Customer service could start living up to its name,https://www.economist.com/special-report/2018/03/31/customer-service-could-start-living-up-to-its-name
2018-09-26,the-economist,The future of war,https://www.economist.com/special-report/2018/01/25/the-future-of-war
2018-09-26,the-economist,The story of the internet is all about layers,https://www.economist.com/special-report/2018/06/28/the-story-of-the-internet-is-all-about-layers
2018-09-26,the-economist,Financial inclusion is making great strides,https://www.economist.com/special-report/2018/05/03/financial-inclusion-is-making-great-strides
2018-09-26,the-economist,How regulators can prevent excessive concentration online,https://www.economist.com/special-report/2018/06/28/how-regulators-can-prevent-excessive-concentration-online
2018-09-26,the-new-york-times,"China to Further Boost $3.8 Trillion Digital Economy, Create More Jobs",https://www.nytimes.com/reuters/2018/09/26/business/26reuters-china-economy-jobs.html
2018-09-26,the-next-web,Smart cities are for the rich — we need to change that,https://thenextweb.com/?p=1153960
2018-09-26,the-next-web,"Emotion-detecting technology is everywhere, but it’s out of date",https://thenextweb.com/?p=1151955
2018-09-26,the-next-web,Microsoft built AI to protect you from idiots that smoke at gas pumps,https://thenextweb.com/?p=1154424
2018-09-26,wired,Oculus’s $399 Quest to Take VR Mainstream,https://www.wired.com/story/oculus-quest-wireless-vr-headset/
2018-09-26,wired,The Woman Bringing Civility to Open Source Projects,https://www.wired.com/story/woman-bringing-civility-to-open-source-projects/
2018-09-27,techcrunch,Meet the startups that pitched at EF’s 10th Demo Day in London,http://techcrunch.com/2018/09/27/24-rounds-of-pitchlash/
2018-09-27,techcrunch,Dropbox overhauls internal search to improve speed and accuracy,http://techcrunch.com/2018/09/27/dropbox-overhauls-internal-search-to-make-it-easier-to-pinpoint-content/
2018-09-27,techcrunch,24 hours left to apply as a TC Top Pick at Disrupt Berlin 2018,http://techcrunch.com/2018/09/27/24-hours-left-to-apply-as-a-tc-top-pick-at-disrupt-berlin-2018/
2018-09-27,techcrunch,How aerial lidar illuminated a Mayan megalopolis,http://techcrunch.com/2018/09/27/how-aerial-lidar-illuminated-a-mayan-megalopolis/
2018-09-27,techradar,Human plus AI – that’s how automation creates the real digital workforce,https://www.techradar.com/news/human-plus-ai-thats-how-automation-creates-the-real-digital-workforce
2018-09-27,techradar,Amazon Alexa is getting a dedicated 'whisper' mode,https://www.techradar.com/news/amazon-alexa-is-getting-a-dedicated-whisper-mode
2018-09-27,techradar,How to successfully implement an AI system,https://www.techradar.com/news/how-to-successfully-implement-an-ai-system
2018-09-27,techradar,"Realme 2 Pro has a dewdrop notch and starts at ₹13,990",https://www.techradar.com/news/realme-2-pro-has-a-dewdrop-notch-and-starts-at-indian-rupee13990
2018-09-27,the-economist,"In the struggle for AI supremacy, China will prevail",https://www.economist.com/books-and-arts/2018/09/29/in-the-struggle-for-ai-supremacy-china-will-prevail
2018-09-27,the-economist,"In the struggle for AI supremacy, China will prevail",https://www.economist.com/node/21751627
2018-09-27,the-next-web,The algorithms that are currently fueling the deep learning revolution,https://thenextweb.com/contributors/2018/09/27/the-algorithms-that-are-currently-fueling-the-deep-learning-revolution/
2018-09-27,the-next-web,Learn how to get Salesforce-certified for less than $4 a course,https://thenextweb.com/offers/2018/09/27/learn-how-to-get-salesforce-certified-for-less-than-4-a-course/
2018-09-27,the-next-web,Will the algorithmic timeline be the death of social media?,https://thenextweb.com/contributors/2018/09/27/algorithmic-timeline/
2018-09-27,the-wall-street-journal,AI will lead to the rise of digital dictatorships,https://www.wsj.com/articles/historian-yuval-noah-harari-on-the-robot-revolution-1538057544
2018-09-28,abc-news,Digital maps are a modern marvel - until they're hijacked,https://abcnews.go.com/Technology/wireStory/digital-maps-modern-marvel-hijacked-58142228
2018-09-28,ars-technica,Review: Google’s Wear OS 2.0 can’t fix its obsolete smartwatch hardware,https://arstechnica.com/gadgets/2018/09/review-googles-wear-os-2-0-cant-fix-its-obsolete-smartwatch-hardware/
2018-09-28,google-news,Netradyne locks in $21 mln Series B,http://feedproxy.google.com/~r/pehub/blog/~3/pQHkQHeXc2E/
2018-09-28,techcrunch,5 takeaways on the state of AI from Disrupt SF,http://techcrunch.com/2018/09/28/5-takeaways-on-the-state-of-ai-from-disrupt-sf/
2018-09-28,techcrunch,Our 3 favorite startups from Urban-X’s 4th demo day,http://techcrunch.com/2018/09/27/our-3-favorite-startups-from-urban-xs-4th-demo-day/
2018-09-28,techcrunch,Last day to apply for TC Top Picks at Disrupt Berlin 2018,http://techcrunch.com/2018/09/28/last-day-to-apply-for-tc-top-picks-at-disrupt-berlin-2018/
2018-09-28,techcrunch,The Zennström manifesto,http://techcrunch.com/2018/09/28/zennstroms-revolution/
2018-09-28,techradar,The 10 best and würst things we saw at Photokina 2018,https://www.techradar.com/news/the-10-best-things-we-saw-at-photokina-2018
2018-09-28,the-next-web,Worried about AI taking over the world? Science isn’t,https://thenextweb.com/?p=1154294
2018-09-28,the-next-web,An entrepreneur’s guide to Toronto’s tech scene,https://thenextweb.com/contributors/2018/09/28/an-entrepreneurs-guide-to-torontos-tech-scene/
2018-09-28,the-next-web,Burger King trolls artificial intelligence with new ads,https://thenextweb.com/?p=1155118
2018-09-28,wired,Why Silicon Valley Should Fear Europe's Competition Chief,https://www.wired.com/story/why-silicon-valley-should-fear-europes-competition-chief/
2018-09-28,wired,Digital IDs Are More Dangerous Than You Think,https://www.wired.com/story/digital-ids-are-more-dangerous-than-you-think/
2018-09-29,techcrunch,"Solve, MIT’s take on social innovation challenges, may be different enough to work",http://techcrunch.com/2018/09/29/solve-mits-take-on-social-innovation-challenges-may-be-different-enough-to-work/
2018-09-29,techcrunch,What each cloud company could bring to the Pentagon’s $10 B JEDI cloud contract,http://techcrunch.com/2018/09/29/what-each-cloud-company-could-bring-to-the-pentagons-10-b-jedi-cloud-contract/
2018-09-29,the-huffington-post,The Strange Story Behind The Animals We Know We Haven't Yet Discovered,https://www.huffingtonpost.com/entry/discovering-species-camilo-mora-science_us_5bab9129e4b0353bd2cfb7ad
2018-09-29,the-next-web,Why 5G matters to VR adoption,https://thenextweb.com/syndication/2018/09/29/why-5g-matters-to-vr-adoption/
2018-09-29,the-next-web,Driverless cars need to see the world like we do,https://thenextweb.com/syndication/2018/09/29/driverless-cars-need-to-see-the-world-like-we-do/
2018-09-29,wired,"Hurom H-AI Juicer Review: It's Too Expensive, and Juice Isn't All That Good for You Anyway",https://www.wired.com/review/hurom-h-ai-juicer/
2018-09-30,techcrunch,Unbiased algorithms can still be problematic,http://techcrunch.com/2018/09/30/unbiased-algorithms-can-still-be-problematic/
2018-09-30,techradar,The regional gap in AI adoption,https://www.techradar.com/news/the-regional-gap-in-ai-adoption
2018-09-30,techradar,Future battlefields: how the wars of tomorrow will be fought,https://www.techradar.com/news/future-battlefields-how-the-wars-of-tomorrow-will-be-fought
2018-09-30,the-next-web,Here’s how you can painlessly integrate voice in your business,https://thenextweb.com/contributors/2018/09/30/painlessly-integrate-voice-in-your-business/
2018-09-30,the-next-web,12 most important pillars of an effective SEO strategy,https://thenextweb.com/contributors/2018/09/30/12-important-pillars-of-an-effective-seo-strategy/
2018-09-30,the-wall-street-journal,Tencent Targets Business Customers in Restructuring Plan - Wall Street Journal,https://www.wsj.com/articles/tencent-targets-business-customers-in-restructuring-plan-1538329670
2018-10-01,ars-technica,"iPhone XS and XS Max review: Big screens, big performance, big lenses, big prices",https://arstechnica.com/gadgets/2018/10/iphone-xs-and-xs-max-review-big-screens-big-performance-big-lenses-big-prices/
2018-10-01,ars-technica,Could border agents trick you into unlocking your Face ID-enabled iPhone?,https://arstechnica.com/tech-policy/2018/10/could-border-agents-trick-you-into-unlocking-your-face-id-enabled-iphone/
2018-10-01,hacker-news,Contract Simply (YC S17) is hiring junior and senior full-stack developers,https://news.ycombinator.com/item?id=18117199
2018-10-01,hacker-news,Ask HN: Who is hiring? (October 2018),https://news.ycombinator.com/item?id=18113144
2018-10-01,recode,"Recode Daily: With the SEC off his back, Elon Musk can return his focus to Tesla",https://www.recode.net/2018/10/1/17921534/tesla-elon-musk-sec-facebook-breach-apple-iphonex-faceid-linknyc-kiosk-bytedance-amazon-garage
2018-10-01,techcrunch,A former U.S. President walks into a blockchain conference…,http://techcrunch.com/2018/10/01/a-former-u-s-president-walks-into-a-blockchain-conference/
2018-10-01,techradar,Steak & chips: how IoT and machine learning will disrupt risk in animal insurance,https://www.techradar.com/news/steak-and-chips-how-iot-and-machine-learning-will-disrupt-risk-in-animal-insurance
2018-10-01,techradar,The digital manufacturing revolution gathering pace in the UK,https://www.techradar.com/news/the-digital-manufacturing-revolution-gathering-pace-in-the-uk
2018-10-01,the-new-york-times,Cancer Center’s Board Chairman Faults Top Doctor Over ‘Crossed Lines’,https://www.nytimes.com/2018/10/01/health/cancer-memorial-sloan-kettering-ethics.html
2018-10-01,the-next-web,AI could help drones ride air currents like majestic condors,https://thenextweb.com/?p=1155032
2018-10-01,the-verge,Ex-Apple engineers unveil a next-generation sensor for self-driving cars,https://www.theverge.com/2018/10/1/17915276/aeva-4d-lidar-technology-next-gen-self-driving-car-sensor-system
2018-10-01,the-wall-street-journal,Robots Head for the Fields,https://www.wsj.com/articles/robots-head-for-the-fields-1538426976
